this is from email,this is email subject,this is email body,5.0,0
this is from email,"this ,dfdafk=d",this is email body,5.0,0
"this"" is from email","this ,dfdafk=d",this is email body,5.0,0
1383912371.626316,this is from email,"this ,dfdafk=d",this is email body,5.0,0
1383912390.457063,this is from email,"this ,dfdafk=d",this is email body,5.0,0
1383913444.548027,this is from email,"this ,dfdafk=d",this is email body,5.0,0
1383913449.503358,this is from email,"this ,dfdafk=d",this is email body,5.0,0
1383913450.174766,this is from email,"this ,dfdafk=d",this is email body,5.0,0
1383913450.630562,this is from email,"this ,dfdafk=d",this is email body,5.0,0
1383913451.058901,this is from email,"this ,dfdafk=d",this is email body,5.0,0
1383913451.581092,this is from email,"this ,dfdafk=d",this is email body,5.0,0
1383913451.951186,this is from email,"this ,dfdafk=d",this is email body,5.0,0
1383913452.862129,this is from email,"this ,dfdafk=d",this is email body,5.0,0
1383913615.1043,this is from email,"this ,dfdafk=d",this is email body,5.0,0
1383913615.99074,this is from email,"this ,dfdafk=d",this is email body,5.0,0
1383913616.443756,this is from email,"this ,dfdafk=d",this is email body,5.0,0
1383913616.839681,this is from email,"this ,dfdafk=d",this is email body,5.0,0
1383913617.23312,this is from email,"this ,dfdafk=d",this is email body,5.0,0
1383913617.646683,this is from email,"this ,dfdafk=d",this is email body,5.0,0
1383913618.064393,this is from email,"this ,dfdafk=d",this is email body,5.0,0
1383913618.46338,this is from email,"this ,dfdafk=d",this is email body,5.0,0
1383913618.873891,this is from email,"this ,dfdafk=d",this is email body,5.0,0
1383913619.267599,this is from email,"this ,dfdafk=d",this is email body,5.0,0
1383913619.673966,this is from email,"this ,dfdafk=d",this is email body,5.0,0
1383913620.057565,this is from email,"this ,dfdafk=d",this is email body,5.0,0
1383913621.039716,this is from email,"this ,dfdafk=d",this is email body,5.0,0
1383913621.845464,this is from email,"this ,dfdafk=d",this is email body,5.0,0
1383913787.895856,this is from email,"this ,dfdafk=d",this is email body,5.0,0
1383913792.061431,this is from email,"this ,dfdafk=d",this is email body,5.0,0
1383914073.415622,this is from ddddddddddddddddddddddddddddddddddddddddddddddemail,"this ,dfdafk=d",this is email body,5.0,0
1384322330.680616,ankush,this is subject of the email,hello,2.0,0
1385893668.976576,ankush,this is subject of the email,hello,2.0,0
1385893736.880297,ankush,this is subject of the email,hello from Ankush who lives in Germany.,2.0,0
1385893791.624869,ankush,this is subject of the email,I live in Germany.,2.0,0
1385893810.589122,ankush,this is subject of the email,I live in Germany on Monday,5.0,0
